Name,Sweep (T1),,,
Date,12/06/2023,,,
Time,13:08:38,,,
Instrument,FPC1500 - 102527/003,,,
Firmware Version,V1.80,,,
Country of Origin,Czech Republic,,,
Instrument Mode,Spectrum Analyzer,,,
Meas Mode,Spectrum,,,
Uplink,- - -,,,
Downlink,- - -,,,
Channel,- - -,,,
Center Frequency,43000000,Hz,,
Frequency Offset,0,Hz,,
Span,1000000,Hz,,
Ref Level,-45,dBm,,
Ref Offset,0,dB,,
Ref Position,1.00 ,,,
Range,50,dB,,
RF Attenuation,Auto Low Distortion,,,
RF Attenuator,0,dB,,
Pre-Amplifier,Off,,,
RF Input,50 Ω,,,
RBW,30000,Hz,,
VBW,30000,Hz,,
SWT,0.02,s,,
Trigger Mode,Free Run,,,
Trigger Level,- - -,,,
Trigger Delay,- - -,,,
Trace Mode,Average,,,
Trace Math,Off,,,
Trace Detector,Sample,,,
Primary Transducer,- - -,,,
Secondary Transducer,- - -,,,
Isotropic Antenna,Off,,,
Average Count,Sweep 10 of 10,,,
Limit Line 1,- - -,,,
Result Limit Line 1,- - -,,,
Limit Line 2,- - -,,,
Result Limit Line 2,- - -,,,
Marker 1,43058375.6,Hz,,
Marker 1 Value,-81.71,dBm,,

Frequency [Hz],Magnitude [dBm],,,
42500000,-86.6916885375977,,,
42500846.0236887,-87.9854125976563,,,
42501692.0473773,-86.2400436401367,,,
42502538.071066,-86.9805679321289,,,
42503384.0947547,-87.1950225830078,,,
42504230.1184433,-87.9810638427734,,,
42505076.142132,-87.8548431396484,,,
42505922.1658206,-85.9151840209961,,,
42506768.1895093,-88.2247467041016,,,
42507614.213198,-85.7504043579102,,,
42508460.2368866,-85.1240997314453,,,
42509306.2605753,-86.063102722168,,,
42510152.284264,-85.6072006225586,,,
42510998.3079526,-87.1401519775391,,,
42511844.3316413,-87.4603652954102,,,
42512690.3553299,-85.2312927246094,,,
42513536.3790186,-84.6319732666016,,,
42514382.4027073,-85.7400360107422,,,
42515228.4263959,-88.604621887207,,,
42516074.4500846,-87.0209808349609,,,
42516920.4737733,-87.6979293823242,,,
42517766.4974619,-86.5188751220703,,,
42518612.5211506,-85.6607437133789,,,
42519458.5448393,-86.0582046508789,,,
42520304.5685279,-85.7596664428711,,,
42521150.5922166,-86.9396057128906,,,
42521996.6159052,-86.9289245605469,,,
42522842.6395939,-85.991813659668,,,
42523688.6632826,-86.1474456787109,,,
42524534.6869712,-85.5008392333984,,,
42525380.7106599,-85.9665451049805,,,
42526226.7343486,-85.4505081176758,,,
42527072.7580372,-86.1819000244141,,,
42527918.7817259,-85.8815155029297,,,
42528764.8054146,-85.2145080566406,,,
42529610.8291032,-85.7339324951172,,,
42530456.8527919,-87.4270172119141,,,
42531302.8764805,-88.1517791748047,,,
42532148.9001692,-88.1918640136719,,,
42532994.9238579,-87.5631790161133,,,
42533840.9475465,-89.2011032104492,,,
42534686.9712352,-87.5921478271484,,,
42535532.9949239,-87.1524505615234,,,
42536379.0186125,-86.8352203369141,,,
42537225.0423012,-88.8146820068359,,,
42538071.0659898,-86.6909332275391,,,
42538917.0896785,-86.5904083251953,,,
42539763.1133672,-87.3301849365234,,,
42540609.1370558,-87.7620315551758,,,
42541455.1607445,-88.8033905029297,,,
42542301.1844332,-86.4319915771484,,,
42543147.2081218,-86.9698104858398,,,
42543993.2318105,-86.5571746826172,,,
42544839.2554992,-87.5949325561523,,,
42545685.2791878,-87.9172973632813,,,
42546531.3028765,-87.9314422607422,,,
42547377.3265651,-88.0748672485352,,,
42548223.3502538,-87.9320220947266,,,
42549069.3739425,-86.4542541503906,,,
42549915.3976311,-87.0213165283203,,,
42550761.4213198,-84.6474914550781,,,
42551607.4450085,-85.7753753662109,,,
42552453.4686971,-87.3899612426758,,,
42553299.4923858,-87.9778366088867,,,
42554145.5160744,-87.0737762451172,,,
42554991.5397631,-86.5780410766602,,,
42555837.5634518,-85.9856719970703,,,
42556683.5871404,-85.6420440673828,,,
42557529.6108291,-85.8664398193359,,,
42558375.6345178,-87.5905685424805,,,
42559221.6582064,-85.9917449951172,,,
42560067.6818951,-85.2712554931641,,,
42560913.7055838,-85.9555435180664,,,
42561759.7292724,-86.8508682250977,,,
42562605.7529611,-87.2074966430664,,,
42563451.7766497,-86.2128982543945,,,
42564297.8003384,-87.3742828369141,,,
42565143.8240271,-86.7608795166016,,,
42565989.8477157,-86.3166809082031,,,
42566835.8714044,-86.724250793457,,,
42567681.8950931,-86.238899230957,,,
42568527.9187817,-86.6985855102539,,,
42569373.9424704,-87.2119293212891,,,
42570219.9661591,-87.6087188720703,,,
42571065.9898477,-86.985107421875,,,
42571912.0135364,-86.860237121582,,,
42572758.037225,-87.855712890625,,,
42573604.0609137,-88.5067367553711,,,
42574450.0846024,-87.1462478637695,,,
42575296.108291,-86.3112640380859,,,
42576142.1319797,-86.9546966552734,,,
42576988.1556684,-86.9993286132813,,,
42577834.179357,-86.8280181884766,,,
42578680.2030457,-87.5000534057617,,,
42579526.2267343,-87.2173233032227,,,
42580372.250423,-86.7510375976563,,,
42581218.2741117,-86.2315139770508,,,
42582064.2978003,-85.1272811889648,,,
42582910.321489,-86.5736541748047,,,
42583756.3451777,-86.1184005737305,,,
42584602.3688663,-86.3318328857422,,,
42585448.392555,-87.6852645874023,,,
42586294.4162437,-85.6898880004883,,,
42587140.4399323,-86.9998550415039,,,
42587986.463621,-87.2857284545898,,,
42588832.4873096,-87.101432800293,,,
42589678.5109983,-87.3450088500977,,,
42590524.534687,-86.7964477539063,,,
42591370.5583756,-85.9182891845703,,,
42592216.5820643,-86.5244369506836,,,
42593062.605753,-85.7853164672852,,,
42593908.6294416,-85.425666809082,,,
42594754.6531303,-86.8393096923828,,,
42595600.676819,-87.0611038208008,,,
42596446.7005076,-86.6079864501953,,,
42597292.7241963,-87.4779281616211,,,
42598138.7478849,-85.5874099731445,,,
42598984.7715736,-86.0306549072266,,,
42599830.7952623,-86.6091995239258,,,
42600676.8189509,-86.4143295288086,,,
42601522.8426396,-85.8600616455078,,,
42602368.8663283,-85.6787033081055,,,
42603214.8900169,-86.1877670288086,,,
42604060.9137056,-86.1103668212891,,,
42604906.9373942,-84.8042602539063,,,
42605752.9610829,-84.9873123168945,,,
42606598.9847716,-85.6666107177734,,,
42607445.0084602,-87.998046875,,,
42608291.0321489,-86.4141998291016,,,
42609137.0558376,-88.5149078369141,,,
42609983.0795262,-87.0447998046875,,,
42610829.1032149,-86.0271911621094,,,
42611675.1269036,-86.3817291259766,,,
42612521.1505922,-86.9158782958984,,,
42613367.1742809,-86.8737030029297,,,
42614213.1979695,-88.6967697143555,,,
42615059.2216582,-87.5048522949219,,,
42615905.2453469,-87.1798553466797,,,
42616751.2690355,-86.1601104736328,,,
42617597.2927242,-85.2790985107422,,,
42618443.3164129,-85.9667663574219,,,
42619289.3401015,-86.8600540161133,,,
42620135.3637902,-86.6277160644531,,,
42620981.3874789,-85.8729553222656,,,
42621827.4111675,-86.3743515014648,,,
42622673.4348562,-86.6119766235352,,,
42623519.4585448,-86.4476165771484,,,
42624365.4822335,-85.8346939086914,,,
42625211.5059222,-85.9013061523438,,,
42626057.5296108,-86.6315536499023,,,
42626903.5532995,-85.5391693115234,,,
42627749.5769882,-86.6446151733398,,,
42628595.6006768,-88.3863983154297,,,
42629441.6243655,-86.7117156982422,,,
42630287.6480541,-86.6452789306641,,,
42631133.6717428,-86.0896377563477,,,
42631979.6954315,-85.2303466796875,,,
42632825.7191201,-86.3527984619141,,,
42633671.7428088,-85.3598556518555,,,
42634517.7664975,-86.0746612548828,,,
42635363.7901861,-87.0313949584961,,,
42636209.8138748,-87.1426544189453,,,
42637055.8375635,-87.3164215087891,,,
42637901.8612521,-87.4599685668945,,,
42638747.8849408,-86.968391418457,,,
42639593.9086294,-85.8331069946289,,,
42640439.9323181,-85.0467834472656,,,
42641285.9560068,-85.1275482177734,,,
42642131.9796954,-84.8858871459961,,,
42642978.0033841,-84.9047088623047,,,
42643824.0270728,-86.6041107177734,,,
42644670.0507614,-86.1890106201172,,,
42645516.0744501,-85.1323318481445,,,
42646362.0981388,-85.955322265625,,,
42647208.1218274,-86.6738510131836,,,
42648054.1455161,-84.9469375610352,,,
42648900.1692047,-86.3844146728516,,,
42649746.1928934,-85.0168304443359,,,
42650592.2165821,-85.5807418823242,,,
42651438.2402707,-87.4421691894531,,,
42652284.2639594,-88.7260971069336,,,
42653130.2876481,-86.69873046875,,,
42653976.3113367,-86.0569305419922,,,
42654822.3350254,-85.4839096069336,,,
42655668.358714,-86.7058334350586,,,
42656514.3824027,-86.5965270996094,,,
42657360.4060914,-85.7601470947266,,,
42658206.42978,-87.7781143188477,,,
42659052.4534687,-87.6644744873047,,,
42659898.4771574,-86.4284286499023,,,
42660744.500846,-86.0395965576172,,,
42661590.5245347,-86.5406036376953,,,
42662436.5482234,-86.8950653076172,,,
42663282.571912,-87.0070037841797,,,
42664128.5956007,-87.7373962402344,,,
42664974.6192893,-87.6237030029297,,,
42665820.642978,-87.9800262451172,,,
42666666.6666667,-88.5525817871094,,,
42667512.6903553,-87.1069946289063,,,
42668358.714044,-86.5633392333984,,,
42669204.7377327,-87.8367462158203,,,
42670050.7614213,-86.1919403076172,,,
42670896.78511,-86.234375,,,
42671742.8087986,-87.7388153076172,,,
42672588.8324873,-86.2512893676758,,,
42673434.856176,-85.6389007568359,,,
42674280.8798646,-88.4931869506836,,,
42675126.9035533,-87.1136322021484,,,
42675972.927242,-85.245735168457,,,
42676818.9509306,-86.0951385498047,,,
42677664.9746193,-85.9945449829102,,,
42678510.998308,-85.5879440307617,,,
42679357.0219966,-87.3107757568359,,,
42680203.0456853,-87.0293273925781,,,
42681049.0693739,-86.8495254516602,,,
42681895.0930626,-85.8743209838867,,,
42682741.1167513,-85.5058746337891,,,
42683587.1404399,-87.8316650390625,,,
42684433.1641286,-86.7503509521484,,,
42685279.1878173,-87.9681930541992,,,
42686125.2115059,-88.2739639282227,,,
42686971.2351946,-88.8140716552734,,,
42687817.2588832,-86.8211822509766,,,
42688663.2825719,-85.7491149902344,,,
42689509.3062606,-86.0235977172852,,,
42690355.3299492,-86.169563293457,,,
42691201.3536379,-85.4656295776367,,,
42692047.3773266,-86.4805755615234,,,
42692893.4010152,-86.9848175048828,,,
42693739.4247039,-87.0899276733398,,,
42694585.4483926,-87.064582824707,,,
42695431.4720812,-86.3661346435547,,,
42696277.4957699,-87.2548904418945,,,
42697123.5194585,-85.7947540283203,,,
42697969.5431472,-85.2257690429688,,,
42698815.5668359,-85.5198822021484,,,
42699661.5905245,-86.7080230712891,,,
42700507.6142132,-88.2360229492188,,,
42701353.6379019,-87.1184005737305,,,
42702199.6615905,-85.3101196289063,,,
42703045.6852792,-84.1510162353516,,,
42703891.7089679,-85.3130416870117,,,
42704737.7326565,-85.9709625244141,,,
42705583.7563452,-85.2663955688477,,,
42706429.7800338,-85.6472625732422,,,
42707275.8037225,-86.6881256103516,,,
42708121.8274112,-86.7067489624023,,,
42708967.8510998,-86.9212646484375,,,
42709813.8747885,-86.8749313354492,,,
42710659.8984772,-86.4719314575195,,,
42711505.9221658,-87.3429718017578,,,
42712351.9458545,-85.3143157958984,,,
42713197.9695431,-85.0476608276367,,,
42714043.9932318,-84.830810546875,,,
42714890.0169205,-84.9790344238281,,,
42715736.0406091,-85.2900466918945,,,
42716582.0642978,-85.7326507568359,,,
42717428.0879865,-86.6935348510742,,,
42718274.1116751,-86.7283172607422,,,
42719120.1353638,-85.5880432128906,,,
42719966.1590525,-85.358528137207,,,
42720812.1827411,-85.4180679321289,,,
42721658.2064298,-87.1826324462891,,,
42722504.2301184,-85.5452194213867,,,
42723350.2538071,-85.7214889526367,,,
42724196.2774958,-88.9731292724609,,,
42725042.3011844,-90.0881958007813,,,
42725888.3248731,-88.7223052978516,,,
42726734.3485618,-86.6733016967773,,,
42727580.3722504,-87.0764541625977,,,
42728426.3959391,-88.4641418457031,,,
42729272.4196277,-86.8036346435547,,,
42730118.4433164,-86.6656112670898,,,
42730964.4670051,-87.1221084594727,,,
42731810.4906937,-86.373405456543,,,
42732656.5143824,-87.3681793212891,,,
42733502.5380711,-86.7419891357422,,,
42734348.5617597,-85.5818710327148,,,
42735194.5854484,-85.1910018920898,,,
42736040.6091371,-86.3271636962891,,,
42736886.6328257,-85.2497863769531,,,
42737732.6565144,-86.4291534423828,,,
42738578.680203,-87.4003829956055,,,
42739424.7038917,-86.7874221801758,,,
42740270.7275804,-85.1789932250977,,,
42741116.751269,-84.7820587158203,,,
42741962.7749577,-84.9074478149414,,,
42742808.7986464,-86.3437728881836,,,
42743654.822335,-86.1814193725586,,,
42744500.8460237,-86.8217163085938,,,
42745346.8697124,-87.3831939697266,,,
42746192.893401,-88.228141784668,,,
42747038.9170897,-87.2648620605469,,,
42747884.9407783,-87.6911239624023,,,
42748730.964467,-86.5837554931641,,,
42749576.9881557,-85.9400405883789,,,
42750423.0118443,-85.1117935180664,,,
42751269.035533,-85.0165557861328,,,
42752115.0592217,-87.0907745361328,,,
42752961.0829103,-88.0495147705078,,,
42753807.106599,-88.3969268798828,,,
42754653.1302876,-88.0895233154297,,,
42755499.1539763,-87.3915786743164,,,
42756345.177665,-87.8261871337891,,,
42757191.2013536,-86.4081192016602,,,
42758037.2250423,-87.0349731445313,,,
42758883.248731,-87.4515533447266,,,
42759729.2724196,-86.1167144775391,,,
42760575.2961083,-87.0939865112305,,,
42761421.319797,-87.2043609619141,,,
42762267.3434856,-87.2832183837891,,,
42763113.3671743,-85.1311645507813,,,
42763959.3908629,-85.8442840576172,,,
42764805.4145516,-86.3077011108398,,,
42765651.4382403,-87.3574447631836,,,
42766497.4619289,-85.9226684570313,,,
42767343.4856176,-86.9788970947266,,,
42768189.5093063,-87.8907699584961,,,
42769035.5329949,-86.0222854614258,,,
42769881.5566836,-86.0934753417969,,,
42770727.5803723,-87.3017578125,,,
42771573.6040609,-86.1820449829102,,,
42772419.6277496,-87.2686920166016,,,
42773265.6514382,-86.7738189697266,,,
42774111.6751269,-85.1588897705078,,,
42774957.6988156,-84.6168518066406,,,
42775803.7225042,-85.9397964477539,,,
42776649.7461929,-87.1333923339844,,,
42777495.7698816,-88.0921783447266,,,
42778341.7935702,-87.3952865600586,,,
42779187.8172589,-86.5660781860352,,,
42780033.8409475,-86.7813110351563,,,
42780879.8646362,-86.1014633178711,,,
42781725.8883249,-87.0113983154297,,,
42782571.9120135,-88.3229293823242,,,
42783417.9357022,-87.7978286743164,,,
42784263.9593909,-86.9077758789063,,,
42785109.9830795,-87.3395156860352,,,
42785956.0067682,-87.0833892822266,,,
42786802.0304569,-87.4071502685547,,,
42787648.0541455,-87.9589767456055,,,
42788494.0778342,-86.8557510375977,,,
42789340.1015228,-85.7231292724609,,,
42790186.1252115,-87.281135559082,,,
42791032.1489002,-86.5590515136719,,,
42791878.1725888,-85.5727691650391,,,
42792724.1962775,-87.1186447143555,,,
42793570.2199662,-87.963005065918,,,
42794416.2436548,-88.3773727416992,,,
42795262.2673435,-87.0731201171875,,,
42796108.2910322,-85.9922027587891,,,
42796954.3147208,-87.4003448486328,,,
42797800.3384095,-88.6200714111328,,,
42798646.3620981,-87.6742401123047,,,
42799492.3857868,-85.7746124267578,,,
42800338.4094755,-85.6678619384766,,,
42801184.4331641,-87.1522064208984,,,
42802030.4568528,-86.6174392700195,,,
42802876.4805415,-86.0597915649414,,,
42803722.5042301,-86.4697570800781,,,
42804568.5279188,-86.341438293457,,,
42805414.5516074,-86.8875350952148,,,
42806260.5752961,-87.8542785644531,,,
42807106.5989848,-87.0102386474609,,,
42807952.6226734,-87.2305526733398,,,
42808798.6463621,-86.1139297485352,,,
42809644.6700508,-86.5802764892578,,,
42810490.6937394,-87.1515502929688,,,
42811336.7174281,-86.1947326660156,,,
42812182.7411168,-86.4932327270508,,,
42813028.7648054,-85.8104705810547,,,
42813874.7884941,-86.4329681396484,,,
42814720.8121827,-87.1151962280273,,,
42815566.8358714,-85.8285064697266,,,
42816412.8595601,-85.4720306396484,,,
42817258.8832487,-87.2535400390625,,,
42818104.9069374,-87.3040237426758,,,
42818950.9306261,-87.1706695556641,,,
42819796.9543147,-86.9567718505859,,,
42820642.9780034,-86.4853057861328,,,
42821489.001692,-86.0585708618164,,,
42822335.0253807,-86.1120986938477,,,
42823181.0490694,-85.8514862060547,,,
42824027.072758,-85.1363677978516,,,
42824873.0964467,-86.8460693359375,,,
42825719.1201354,-87.8918914794922,,,
42826565.143824,-87.9811553955078,,,
42827411.1675127,-86.5648193359375,,,
42828257.1912014,-86.5489883422852,,,
42829103.21489,-87.0144119262695,,,
42829949.2385787,-87.0610275268555,,,
42830795.2622673,-86.6180572509766,,,
42831641.285956,-85.1483612060547,,,
42832487.3096447,-85.8250885009766,,,
42833333.3333333,-86.1993103027344,,,
42834179.357022,-86.6640777587891,,,
42835025.3807107,-87.4381408691406,,,
42835871.4043993,-86.9867858886719,,,
42836717.428088,-87.3419570922852,,,
42837563.4517766,-86.5231475830078,,,
42838409.4754653,-86.3785018920898,,,
42839255.499154,-87.0734481811523,,,
42840101.5228426,-87.5139923095703,,,
42840947.5465313,-87.2847137451172,,,
42841793.57022,-86.6459808349609,,,
42842639.5939086,-86.4006805419922,,,
42843485.6175973,-86.9439926147461,,,
42844331.641286,-87.1741409301758,,,
42845177.6649746,-87.3407135009766,,,
42846023.6886633,-87.0669326782227,,,
42846869.7123519,-85.5438690185547,,,
42847715.7360406,-85.590705871582,,,
42848561.7597293,-86.0614852905273,,,
42849407.7834179,-87.5301818847656,,,
42850253.8071066,-89.5826797485352,,,
42851099.8307953,-87.8580474853516,,,
42851945.8544839,-85.5337982177734,,,
42852791.8781726,-85.7745132446289,,,
42853637.9018613,-86.4877166748047,,,
42854483.9255499,-87.0015182495117,,,
42855329.9492386,-88.1504287719727,,,
42856175.9729272,-88.0831756591797,,,
42857021.9966159,-85.72021484375,,,
42857868.0203046,-85.6026229858398,,,
42858714.0439932,-87.1470642089844,,,
42859560.0676819,-88.1791534423828,,,
42860406.0913706,-86.3886489868164,,,
42861252.1150592,-85.8892669677734,,,
42862098.1387479,-86.0572662353516,,,
42862944.1624365,-86.2701873779297,,,
42863790.1861252,-87.9215240478516,,,
42864636.2098139,-87.9818115234375,,,
42865482.2335025,-86.7876892089844,,,
42866328.2571912,-86.6404190063477,,,
42867174.2808799,-86.9334869384766,,,
42868020.3045685,-87.1664810180664,,,
42868866.3282572,-87.4311676025391,,,
42869712.3519459,-87.3551177978516,,,
42870558.3756345,-87.0052947998047,,,
42871404.3993232,-86.3989944458008,,,
42872250.4230118,-86.9241256713867,,,
42873096.4467005,-87.7321319580078,,,
42873942.4703892,-86.2113800048828,,,
42874788.4940778,-84.624641418457,,,
42875634.5177665,-84.7851791381836,,,
42876480.5414552,-86.1171035766602,,,
42877326.5651438,-86.7547073364258,,,
42878172.5888325,-85.5790863037109,,,
42879018.6125211,-85.6458969116211,,,
42879864.6362098,-87.3861846923828,,,
42880710.6598985,-87.3207931518555,,,
42881556.6835871,-86.862434387207,,,
42882402.7072758,-87.8937377929688,,,
42883248.7309645,-87.6077499389648,,,
42884094.7546531,-87.6010589599609,,,
42884940.7783418,-86.8156127929688,,,
42885786.8020305,-86.1665802001953,,,
42886632.8257191,-85.7691497802734,,,
42887478.8494078,-86.5501861572266,,,
42888324.8730964,-86.6440887451172,,,
42889170.8967851,-86.1032409667969,,,
42890016.9204738,-86.2968521118164,,,
42890862.9441624,-87.1270904541016,,,
42891708.9678511,-86.4566650390625,,,
42892554.9915398,-85.5110092163086,,,
42893401.0152284,-85.9580841064453,,,
42894247.0389171,-87.2667999267578,,,
42895093.0626058,-87.7435302734375,,,
42895939.0862944,-86.7434234619141,,,
42896785.1099831,-86.2707443237305,,,
42897631.1336717,-86.9770660400391,,,
42898477.1573604,-86.5746612548828,,,
42899323.1810491,-86.6527938842773,,,
42900169.2047377,-85.7686004638672,,,
42901015.2284264,-86.981819152832,,,
42901861.2521151,-87.0671310424805,,,
42902707.2758037,-86.5161590576172,,,
42903553.2994924,-86.6394653320313,,,
42904399.323181,-85.8165740966797,,,
42905245.3468697,-85.8154754638672,,,
42906091.3705584,-86.4846343994141,,,
42906937.394247,-86.9087371826172,,,
42907783.4179357,-86.6392059326172,,,
42908629.4416244,-86.6394195556641,,,
42909475.465313,-87.0935974121094,,,
42910321.4890017,-87.0504608154297,,,
42911167.5126904,-87.521369934082,,,
42912013.536379,-88.0430679321289,,,
42912859.5600677,-88.2412414550781,,,
42913705.5837563,-87.3412094116211,,,
42914551.607445,-87.3990631103516,,,
42915397.6311337,-87.5064544677734,,,
42916243.6548223,-87.7843475341797,,,
42917089.678511,-87.8744277954102,,,
42917935.7021997,-86.6859893798828,,,
42918781.7258883,-85.9592437744141,,,
42919627.749577,-87.0217590332031,,,
42920473.7732657,-87.0941543579102,,,
42921319.7969543,-87.4626312255859,,,
42922165.820643,-87.9758529663086,,,
42923011.8443316,-86.8374862670898,,,
42923857.8680203,-86.8290100097656,,,
42924703.891709,-85.9071197509766,,,
42925549.9153976,-86.0596923828125,,,
42926395.9390863,-87.8341522216797,,,
42927241.962775,-87.6753692626953,,,
42928087.9864636,-85.0724258422852,,,
42928934.0101523,-84.9736175537109,,,
42929780.0338409,-86.3438873291016,,,
42930626.0575296,-86.6382904052734,,,
42931472.0812183,-85.7035903930664,,,
42932318.1049069,-85.6132278442383,,,
42933164.1285956,-86.1333389282227,,,
42934010.1522843,-87.9053497314453,,,
42934856.1759729,-87.5443496704102,,,
42935702.1996616,-86.7907409667969,,,
42936548.2233503,-86.7426528930664,,,
42937394.2470389,-85.8260040283203,,,
42938240.2707276,-85.9349975585938,,,
42939086.2944162,-86.4950408935547,,,
42939932.3181049,-85.9507293701172,,,
42940778.3417936,-86.6552276611328,,,
42941624.3654822,-86.5157012939453,,,
42942470.3891709,-85.7895584106445,,,
42943316.4128596,-86.0984344482422,,,
42944162.4365482,-86.2529754638672,,,
42945008.4602369,-86.4542007446289,,,
42945854.4839256,-87.3941650390625,,,
42946700.5076142,-86.6720199584961,,,
42947546.5313029,-86.4710235595703,,,
42948392.5549915,-86.6350936889648,,,
42949238.5786802,-86.4350357055664,,,
42950084.6023689,-85.6603698730469,,,
42950930.6260575,-85.7090911865234,,,
42951776.6497462,-86.4660186767578,,,
42952622.6734349,-86.3413009643555,,,
42953468.6971235,-85.6166610717773,,,
42954314.7208122,-85.4765625,,,
42955160.7445008,-86.5575103759766,,,
42956006.7681895,-86.4135131835938,,,
42956852.7918782,-86.417724609375,,,
42957698.8155668,-86.6937713623047,,,
42958544.8392555,-86.5802917480469,,,
42959390.8629442,-86.6557769775391,,,
42960236.8866328,-87.2234115600586,,,
42961082.9103215,-87.3812942504883,,,
42961928.9340102,-87.5835418701172,,,
42962774.9576988,-89.5952987670898,,,
42963620.9813875,-89.2985153198242,,,
42964467.0050761,-86.685791015625,,,
42965313.0287648,-86.2068481445313,,,
42966159.0524535,-87.2611846923828,,,
42967005.0761421,-87.0000381469727,,,
42967851.0998308,-86.6752548217773,,,
42968697.1235195,-86.4821853637695,,,
42969543.1472081,-86.4171981811523,,,
42970389.1708968,-86.5640411376953,,,
42971235.1945855,-85.6398544311523,,,
42972081.2182741,-85.8279113769531,,,
42972927.2419628,-86.447998046875,,,
42973773.2656514,-86.872688293457,,,
42974619.2893401,-87.3933715820313,,,
42975465.3130288,-88.1039581298828,,,
42976311.3367174,-86.3423309326172,,,
42977157.3604061,-84.3811645507813,,,
42978003.3840948,-84.9048156738281,,,
42978849.4077834,-87.053108215332,,,
42979695.4314721,-88.3788681030273,,,
42980541.4551607,-87.5369491577148,,,
42981387.4788494,-87.1712112426758,,,
42982233.5025381,-86.2501754760742,,,
42983079.5262267,-86.7106552124023,,,
42983925.5499154,-88.6876373291016,,,
42984771.5736041,-87.8740310668945,,,
42985617.5972927,-86.4373474121094,,,
42986463.6209814,-86.9094467163086,,,
42987309.6446701,-86.378288269043,,,
42988155.6683587,-86.1592330932617,,,
42989001.6920474,-87.687873840332,,,
42989847.715736,-87.1991958618164,,,
42990693.7394247,-86.2680130004883,,,
42991539.7631134,-86.2930145263672,,,
42992385.786802,-86.7936935424805,,,
42993231.8104907,-86.5552062988281,,,
42994077.8341794,-85.609260559082,,,
42994923.857868,-87.1598358154297,,,
42995769.8815567,-87.5323333740234,,,
42996615.9052453,-86.3896408081055,,,
42997461.928934,-86.6034622192383,,,
42998307.9526227,-86.8648681640625,,,
42999153.9763113,-86.9417266845703,,,
43000000,-86.7342987060547,,,
43000846.0236887,-86.9164428710938,,,
43001692.0473773,-87.2246856689453,,,
43002538.071066,-86.1844787597656,,,
43003384.0947547,-85.7106704711914,,,
43004230.1184433,-86.885498046875,,,
43005076.142132,-87.0102920532227,,,
43005922.1658206,-86.2988357543945,,,
43006768.1895093,-85.8895416259766,,,
43007614.213198,-86.3366928100586,,,
43008460.2368866,-86.1889114379883,,,
43009306.2605753,-85.9680938720703,,,
43010152.284264,-86.4541854858398,,,
43010998.3079526,-87.1183090209961,,,
43011844.3316413,-87.6416244506836,,,
43012690.3553299,-87.4725952148438,,,
43013536.3790186,-87.2764739990234,,,
43014382.4027073,-87.4182434082031,,,
43015228.4263959,-87.5591354370117,,,
43016074.4500846,-88.0984649658203,,,
43016920.4737733,-87.5130081176758,,,
43017766.4974619,-86.2801361083984,,,
43018612.5211506,-86.1586227416992,,,
43019458.5448393,-86.2886047363281,,,
43020304.5685279,-86.3516387939453,,,
43021150.5922166,-85.9328002929688,,,
43021996.6159052,-85.651008605957,,,
43022842.6395939,-86.2994079589844,,,
43023688.6632826,-87.0608444213867,,,
43024534.6869712,-87.8546905517578,,,
43025380.7106599,-86.504035949707,,,
43026226.7343486,-85.3977737426758,,,
43027072.7580372,-86.0025405883789,,,
43027918.7817259,-86.0851669311523,,,
43028764.8054146,-86.1179428100586,,,
43029610.8291032,-86.2384262084961,,,
43030456.8527919,-86.5793075561523,,,
43031302.8764805,-86.8838348388672,,,
43032148.9001692,-86.1646957397461,,,
43032994.9238579,-84.9567642211914,,,
43033840.9475465,-85.2578430175781,,,
43034686.9712352,-85.5426712036133,,,
43035532.9949239,-84.8093566894531,,,
43036379.0186125,-84.8037872314453,,,
43037225.0423012,-84.7785720825195,,,
43038071.0659898,-84.674560546875,,,
43038917.0896785,-84.7710494995117,,,
43039763.1133672,-84.394775390625,,,
43040609.1370558,-83.4108428955078,,,
43041455.1607445,-83.1035919189453,,,
43042301.1844332,-83.9086608886719,,,
43043147.2081218,-83.7268905639648,,,
43043993.2318105,-82.4489822387695,,,
43044839.2554992,-82.6634979248047,,,
43045685.2791878,-83.7118225097656,,,
43046531.3028765,-83.6775970458984,,,
43047377.3265651,-83.0997772216797,,,
43048223.3502538,-82.3958892822266,,,
43049069.3739425,-81.9983139038086,,,
43049915.3976311,-82.32861328125,,,
43050761.4213198,-82.3413238525391,,,
43051607.4450085,-81.8000183105469,,,
43052453.4686971,-81.4014434814453,,,
43053299.4923858,-81.5991744995117,,,
43054145.5160744,-81.7441787719727,,,
43054991.5397631,-80.5619964599609,,,
43055837.5634518,-79.6496963500977,,,
43056683.5871404,-80.2118225097656,,,
43057529.6108291,-81.5110931396484,,,
43058375.6345178,-81.7119293212891,,,
43059221.6582064,-81.2365875244141,,,
43060067.6818951,-82.6260299682617,,,
43060913.7055838,-83.64013671875,,,
43061759.7292724,-82.5369338989258,,,
43062605.7529611,-81.2483367919922,,,
43063451.7766497,-82.446174621582,,,
43064297.8003384,-83.1785049438477,,,
43065143.8240271,-83.4446334838867,,,
43065989.8477157,-82.6837768554688,,,
43066835.8714044,-82.5521392822266,,,
43067681.8950931,-83.9045486450195,,,
43068527.9187817,-84.2315139770508,,,
43069373.9424704,-83.4789505004883,,,
43070219.9661591,-83.4052276611328,,,
43071065.9898477,-84.422477722168,,,
43071912.0135364,-84.0608367919922,,,
43072758.037225,-82.8539581298828,,,
43073604.0609137,-83.5678024291992,,,
43074450.0846024,-84.4709625244141,,,
43075296.108291,-84.2354888916016,,,
43076142.1319797,-84.7486724853516,,,
43076988.1556684,-86.2427062988281,,,
43077834.179357,-85.834228515625,,,
43078680.2030457,-84.6116409301758,,,
43079526.2267343,-86.4909820556641,,,
43080372.250423,-85.8902206420898,,,
43081218.2741117,-85.1120223999023,,,
43082064.2978003,-85.6290740966797,,,
43082910.321489,-85.8311996459961,,,
43083756.3451777,-84.7364959716797,,,
43084602.3688663,-85.7991714477539,,,
43085448.392555,-88.5105667114258,,,
43086294.4162437,-88.7351760864258,,,
43087140.4399323,-87.8494415283203,,,
43087986.463621,-86.9565505981445,,,
43088832.4873096,-86.867790222168,,,
43089678.5109983,-86.4341888427734,,,
43090524.534687,-86.237663269043,,,
43091370.5583756,-86.9231338500977,,,
43092216.5820643,-87.6948547363281,,,
43093062.605753,-87.2434234619141,,,
43093908.6294416,-86.4271621704102,,,
43094754.6531303,-87.0040817260742,,,
43095600.676819,-86.0536499023438,,,
43096446.7005076,-85.3684539794922,,,
43097292.7241963,-87.0043563842773,,,
43098138.7478849,-87.9898452758789,,,
43098984.7715736,-87.5958023071289,,,
43099830.7952623,-85.966911315918,,,
43100676.8189509,-86.2858352661133,,,
43101522.8426396,-86.9202880859375,,,
43102368.8663283,-87.3726272583008,,,
43103214.8900169,-86.8536834716797,,,
43104060.9137056,-86.8784866333008,,,
43104906.9373942,-87.2969360351563,,,
43105752.9610829,-87.4646911621094,,,
43106598.9847716,-87.9087677001953,,,
43107445.0084602,-87.2271347045898,,,
43108291.0321489,-87.6698837280273,,,
43109137.0558376,-87.9523162841797,,,
43109983.0795262,-86.7723693847656,,,
43110829.1032149,-86.4962692260742,,,
43111675.1269036,-86.3331451416016,,,
43112521.1505922,-85.7893218994141,,,
43113367.1742809,-86.1687698364258,,,
43114213.1979695,-86.9686431884766,,,
43115059.2216582,-86.1833038330078,,,
43115905.2453469,-85.9506225585938,,,
43116751.2690355,-86.198616027832,,,
43117597.2927242,-87.2520141601563,,,
43118443.3164129,-86.7427749633789,,,
43119289.3401015,-86.1354293823242,,,
43120135.3637902,-87.0859909057617,,,
43120981.3874789,-86.9576568603516,,,
43121827.4111675,-86.0859222412109,,,
43122673.4348562,-86.9790573120117,,,
43123519.4585448,-87.3202743530273,,,
43124365.4822335,-85.5272827148438,,,
43125211.5059222,-85.2564163208008,,,
43126057.5296108,-87.1486968994141,,,
43126903.5532995,-86.1813812255859,,,
43127749.5769882,-85.151008605957,,,
43128595.6006768,-86.4814071655273,,,
43129441.6243655,-86.8462524414063,,,
43130287.6480541,-85.3565292358398,,,
43131133.6717428,-85.2587127685547,,,
43131979.6954315,-85.8845977783203,,,
43132825.7191201,-86.4259185791016,,,
43133671.7428088,-87.2741470336914,,,
43134517.7664975,-87.4422149658203,,,
43135363.7901861,-85.8130340576172,,,
43136209.8138748,-85.6153869628906,,,
43137055.8375635,-86.6515502929688,,,
43137901.8612521,-86.5035629272461,,,
43138747.8849408,-85.7347412109375,,,
43139593.9086294,-85.5702667236328,,,
43140439.9323181,-85.3246765136719,,,
43141285.9560068,-86.3952178955078,,,
43142131.9796954,-87.0403671264648,,,
43142978.0033841,-86.2220001220703,,,
43143824.0270728,-86.2973175048828,,,
43144670.0507614,-87.6759033203125,,,
43145516.0744501,-87.2145614624023,,,
43146362.0981388,-87.1416549682617,,,
43147208.1218274,-86.7597579956055,,,
43148054.1455161,-88.4360122680664,,,
43148900.1692047,-88.6036148071289,,,
43149746.1928934,-86.7651519775391,,,
43150592.2165821,-85.1738586425781,,,
43151438.2402707,-85.5834045410156,,,
43152284.2639594,-86.2572174072266,,,
43153130.2876481,-86.178108215332,,,
43153976.3113367,-87.0589904785156,,,
43154822.3350254,-88.1016235351563,,,
43155668.358714,-86.0999908447266,,,
43156514.3824027,-85.9513931274414,,,
43157360.4060914,-86.460319519043,,,
43158206.42978,-87.1603546142578,,,
43159052.4534687,-88.0994110107422,,,
43159898.4771574,-87.5355377197266,,,
43160744.500846,-87.452880859375,,,
43161590.5245347,-87.0925903320313,,,
43162436.5482233,-86.2815399169922,,,
43163282.571912,-87.3641967773438,,,
43164128.5956007,-87.3233413696289,,,
43164974.6192893,-86.168212890625,,,
43165820.642978,-87.5261306762695,,,
43166666.6666667,-88.5805816650391,,,
43167512.6903553,-88.8822174072266,,,
43168358.714044,-87.5801696777344,,,
43169204.7377327,-86.7190399169922,,,
43170050.7614213,-87.4418869018555,,,
43170896.78511,-87.2385635375977,,,
43171742.8087986,-85.8409576416016,,,
43172588.8324873,-85.4023666381836,,,
43173434.856176,-85.7331314086914,,,
43174280.8798646,-86.3580551147461,,,
43175126.9035533,-86.3715438842773,,,
43175972.927242,-86.4859085083008,,,
43176818.9509306,-86.2451629638672,,,
43177664.9746193,-85.6570434570313,,,
43178510.998308,-86.3865737915039,,,
43179357.0219966,-87.5101547241211,,,
43180203.0456853,-86.6403656005859,,,
43181049.0693739,-86.0973892211914,,,
43181895.0930626,-86.0595855712891,,,
43182741.1167513,-86.1763687133789,,,
43183587.1404399,-85.7089004516602,,,
43184433.1641286,-85.7800064086914,,,
43185279.1878173,-86.5112228393555,,,
43186125.2115059,-86.0077590942383,,,
43186971.2351946,-86.1674423217773,,,
43187817.2588832,-85.6240386962891,,,
43188663.2825719,-85.9193267822266,,,
43189509.3062606,-87.074462890625,,,
43190355.3299492,-86.3198547363281,,,
43191201.3536379,-86.3052215576172,,,
43192047.3773266,-86.9745559692383,,,
43192893.4010152,-87.1620788574219,,,
43193739.4247039,-86.8786849975586,,,
43194585.4483926,-87.3837203979492,,,
43195431.4720812,-88.8118133544922,,,
43196277.4957699,-87.1205596923828,,,
43197123.5194585,-88.3430786132813,,,
43197969.5431472,-88.4333114624023,,,
43198815.5668359,-87.9668655395508,,,
43199661.5905245,-87.6681823730469,,,
43200507.6142132,-87.6171035766602,,,
43201353.6379019,-87.5187149047852,,,
43202199.6615905,-86.8003158569336,,,
43203045.6852792,-87.238639831543,,,
43203891.7089679,-86.3181533813477,,,
43204737.7326565,-85.3471145629883,,,
43205583.7563452,-86.4256134033203,,,
43206429.7800338,-87.2474822998047,,,
43207275.8037225,-87.1515960693359,,,
43208121.8274112,-86.15185546875,,,
43208967.8510998,-86.2624588012695,,,
43209813.8747885,-86.7052383422852,,,
43210659.8984772,-86.5859222412109,,,
43211505.9221658,-86.5536956787109,,,
43212351.9458545,-85.727180480957,,,
43213197.9695431,-85.4402770996094,,,
43214043.9932318,-85.9878997802734,,,
43214890.0169205,-87.1391830444336,,,
43215736.0406091,-87.2088241577148,,,
43216582.0642978,-85.6338348388672,,,
43217428.0879865,-85.0518493652344,,,
43218274.1116751,-86.6676025390625,,,
43219120.1353638,-87.8134613037109,,,
43219966.1590525,-87.7045211791992,,,
43220812.1827411,-86.1562423706055,,,
43221658.2064298,-87.6634292602539,,,
43222504.2301184,-88.149169921875,,,
43223350.2538071,-86.9448852539063,,,
43224196.2774958,-87.8285064697266,,,
43225042.3011844,-87.0120544433594,,,
43225888.3248731,-87.9832305908203,,,
43226734.3485618,-86.3774871826172,,,
43227580.3722504,-86.2525100708008,,,
43228426.3959391,-85.4389266967773,,,
43229272.4196277,-84.802116394043,,,
43230118.4433164,-85.9115447998047,,,
43230964.4670051,-87.3037338256836,,,
43231810.4906937,-87.7279510498047,,,
43232656.5143824,-89.0953979492188,,,
43233502.5380711,-89.8200378417969,,,
43234348.5617597,-87.9516372680664,,,
43235194.5854484,-87.240608215332,,,
43236040.6091371,-86.8718032836914,,,
43236886.6328257,-86.38232421875,,,
43237732.6565144,-87.3144454956055,,,
43238578.680203,-88.2176055908203,,,
43239424.7038917,-86.8804779052734,,,
43240270.7275804,-86.9882049560547,,,
43241116.751269,-86.7431335449219,,,
43241962.7749577,-86.0309219360352,,,
43242808.7986464,-86.6711502075195,,,
43243654.822335,-85.5225143432617,,,
43244500.8460237,-85.2326507568359,,,
43245346.8697124,-86.5869293212891,,,
43246192.893401,-87.0656585693359,,,
43247038.9170897,-86.5120697021484,,,
43247884.9407783,-86.2066879272461,,,
43248730.964467,-86.1780853271484,,,
43249576.9881557,-85.3494720458984,,,
43250423.0118443,-86.3730316162109,,,
43251269.035533,-87.8882522583008,,,
43252115.0592217,-85.0314331054688,,,
43252961.0829103,-84.5050811767578,,,
43253807.106599,-85.6715927124023,,,
43254653.1302876,-86.6480560302734,,,
43255499.1539763,-87.7278823852539,,,
43256345.177665,-88.3925323486328,,,
43257191.2013536,-87.2512054443359,,,
43258037.2250423,-87.2124557495117,,,
43258883.248731,-86.8322372436523,,,
43259729.2724196,-87.6189804077148,,,
43260575.2961083,-87.3321304321289,,,
43261421.319797,-85.3943176269531,,,
43262267.3434856,-86.4688186645508,,,
43263113.3671743,-85.9161148071289,,,
43263959.3908629,-85.9248199462891,,,
43264805.4145516,-86.4977264404297,,,
43265651.4382403,-86.1301803588867,,,
43266497.4619289,-86.5845489501953,,,
43267343.4856176,-87.3996429443359,,,
43268189.5093063,-86.6062774658203,,,
43269035.5329949,-86.3134841918945,,,
43269881.5566836,-87.126091003418,,,
43270727.5803723,-86.967414855957,,,
43271573.6040609,-85.9725799560547,,,
43272419.6277496,-87.0310745239258,,,
43273265.6514382,-86.4067153930664,,,
43274111.6751269,-88.4758682250977,,,
43274957.6988156,-87.8241577148438,,,
43275803.7225042,-86.0500793457031,,,
43276649.7461929,-86.3371200561523,,,
43277495.7698816,-86.9731216430664,,,
43278341.7935702,-86.9899444580078,,,
43279187.8172589,-86.8092041015625,,,
43280033.8409475,-85.7235870361328,,,
43280879.8646362,-85.8312072753906,,,
43281725.8883249,-85.3006134033203,,,
43282571.9120135,-85.4983367919922,,,
43283417.9357022,-86.1489181518555,,,
43284263.9593909,-86.4556045532227,,,
43285109.9830795,-88.1757049560547,,,
43285956.0067682,-87.210319519043,,,
43286802.0304569,-87.1260452270508,,,
43287648.0541455,-87.0291366577148,,,
43288494.0778342,-87.2255096435547,,,
43289340.1015228,-86.3414611816406,,,
43290186.1252115,-85.794563293457,,,
43291032.1489002,-84.9397125244141,,,
43291878.1725888,-85.1729965209961,,,
43292724.1962775,-85.2404098510742,,,
43293570.2199662,-85.4946365356445,,,
43294416.2436548,-87.9337692260742,,,
43295262.2673435,-85.4922637939453,,,
43296108.2910322,-85.9340972900391,,,
43296954.3147208,-84.9491958618164,,,
43297800.3384095,-85.7186737060547,,,
43298646.3620981,-88.0680313110352,,,
43299492.3857868,-87.331184387207,,,
43300338.4094755,-87.4696502685547,,,
43301184.4331641,-86.5419692993164,,,
43302030.4568528,-87.1519012451172,,,
43302876.4805415,-86.8831939697266,,,
43303722.5042301,-85.5992889404297,,,
43304568.5279188,-86.4634704589844,,,
43305414.5516074,-85.6495513916016,,,
43306260.5752961,-85.8162460327148,,,
43307106.5989848,-86.3224334716797,,,
43307952.6226734,-86.5697174072266,,,
43308798.6463621,-87.0468902587891,,,
43309644.6700508,-85.742057800293,,,
43310490.6937394,-87.7880859375,,,
43311336.7174281,-87.5035095214844,,,
43312182.7411168,-87.2313079833984,,,
43313028.7648054,-87.3228988647461,,,
43313874.7884941,-87.2378082275391,,,
43314720.8121827,-87.7695922851563,,,
43315566.8358714,-86.4930419921875,,,
43316412.8595601,-86.7456817626953,,,
43317258.8832487,-87.092529296875,,,
43318104.9069374,-88.3456268310547,,,
43318950.9306261,-87.2341156005859,,,
43319796.9543147,-87.1520004272461,,,
43320642.9780034,-88.7935638427734,,,
43321489.001692,-88.7169418334961,,,
43322335.0253807,-86.694465637207,,,
43323181.0490694,-87.132942199707,,,
43324027.072758,-87.4324722290039,,,
43324873.0964467,-88.821044921875,,,
43325719.1201354,-88.5544509887695,,,
43326565.143824,-87.7575531005859,,,
43327411.1675127,-88.4723358154297,,,
43328257.1912014,-86.9821395874023,,,
43329103.21489,-87.0409774780273,,,
43329949.2385787,-85.5762939453125,,,
43330795.2622673,-85.6995162963867,,,
43331641.285956,-87.8660507202148,,,
43332487.3096447,-87.7855834960938,,,
43333333.3333333,-86.100341796875,,,
43334179.357022,-85.8679428100586,,,
43335025.3807107,-85.6202774047852,,,
43335871.4043993,-87.7192840576172,,,
43336717.428088,-86.0240631103516,,,
43337563.4517766,-85.6428451538086,,,
43338409.4754653,-86.2617263793945,,,
43339255.499154,-88.0161895751953,,,
43340101.5228426,-87.3607025146484,,,
43340947.5465313,-89.2450256347656,,,
43341793.57022,-88.4680557250977,,,
43342639.5939086,-86.4801788330078,,,
43343485.6175973,-86.595947265625,,,
43344331.641286,-85.8022232055664,,,
43345177.6649746,-86.198974609375,,,
43346023.6886633,-87.1083602905273,,,
43346869.7123519,-87.1010131835938,,,
43347715.7360406,-86.2604904174805,,,
43348561.7597293,-85.9193267822266,,,
43349407.7834179,-85.5938110351563,,,
43350253.8071066,-85.9333648681641,,,
43351099.8307953,-86.3453750610352,,,
43351945.8544839,-86.5114517211914,,,
43352791.8781726,-87.7711639404297,,,
43353637.9018613,-87.1314239501953,,,
43354483.9255499,-87.3063201904297,,,
43355329.9492386,-86.2609405517578,,,
43356175.9729272,-87.8373107910156,,,
43357021.9966159,-88.8552856445313,,,
43357868.0203046,-85.9403762817383,,,
43358714.0439932,-85.7122116088867,,,
43359560.0676819,-86.7350616455078,,,
43360406.0913706,-86.8405609130859,,,
43361252.1150592,-89.3073348999023,,,
43362098.1387479,-88.6660003662109,,,
43362944.1624365,-86.6992416381836,,,
43363790.1861252,-86.4427795410156,,,
43364636.2098139,-86.1772994995117,,,
43365482.2335025,-87.1233444213867,,,
43366328.2571912,-87.656494140625,,,
43367174.2808799,-87.1479034423828,,,
43368020.3045685,-87.0894317626953,,,
43368866.3282572,-86.3598022460938,,,
43369712.3519459,-86.2326583862305,,,
43370558.3756345,-85.7858047485352,,,
43371404.3993232,-85.8272552490234,,,
43372250.4230118,-85.587158203125,,,
43373096.4467005,-85.1322784423828,,,
43373942.4703892,-86.3566131591797,,,
43374788.4940778,-86.7255249023438,,,
43375634.5177665,-86.0714263916016,,,
43376480.5414552,-86.2145538330078,,,
43377326.5651438,-85.8008270263672,,,
43378172.5888325,-87.1047668457031,,,
43379018.6125211,-86.7621917724609,,,
43379864.6362098,-86.4176559448242,,,
43380710.6598985,-87.2375259399414,,,
43381556.6835871,-85.7047271728516,,,
43382402.7072758,-87.5957260131836,,,
43383248.7309645,-86.8056488037109,,,
43384094.7546531,-87.1406478881836,,,
43384940.7783418,-86.6720428466797,,,
43385786.8020305,-86.8412780761719,,,
43386632.8257191,-85.6344375610352,,,
43387478.8494078,-84.3427276611328,,,
43388324.8730964,-87.0462265014648,,,
43389170.8967851,-85.837287902832,,,
43390016.9204738,-86.7396697998047,,,
43390862.9441624,-87.76904296875,,,
43391708.9678511,-86.2172927856445,,,
43392554.9915398,-86.0532684326172,,,
43393401.0152284,-86.2021102905273,,,
43394247.0389171,-87.5192260742188,,,
43395093.0626058,-87.9210815429688,,,
43395939.0862944,-86.5258026123047,,,
43396785.1099831,-85.7690277099609,,,
43397631.1336717,-85.2252655029297,,,
43398477.1573604,-85.8515701293945,,,
43399323.1810491,-86.8053970336914,,,
43400169.2047377,-87.7255630493164,,,
43401015.2284264,-87.5119323730469,,,
43401861.2521151,-86.0871124267578,,,
43402707.2758037,-87.273323059082,,,
43403553.2994924,-87.5544357299805,,,
43404399.323181,-87.5052642822266,,,
43405245.3468697,-87.5182571411133,,,
43406091.3705584,-86.5066070556641,,,
43406937.394247,-87.4404754638672,,,
43407783.4179357,-87.2076187133789,,,
43408629.4416244,-87.5389556884766,,,
43409475.465313,-86.3160247802734,,,
43410321.4890017,-87.7220306396484,,,
43411167.5126904,-86.7396392822266,,,
43412013.536379,-86.5406265258789,,,
43412859.5600677,-88.2703170776367,,,
43413705.5837563,-87.0477828979492,,,
43414551.607445,-86.1427764892578,,,
43415397.6311337,-86.3042373657227,,,
43416243.6548223,-87.6068344116211,,,
43417089.678511,-85.2317657470703,,,
43417935.7021997,-86.0930328369141,,,
43418781.7258883,-85.3331604003906,,,
43419627.749577,-85.8283843994141,,,
43420473.7732657,-84.9307098388672,,,
43421319.7969543,-86.6682281494141,,,
43422165.820643,-86.4911193847656,,,
43423011.8443316,-86.0053253173828,,,
43423857.8680203,-86.7230377197266,,,
43424703.891709,-84.8355560302734,,,
43425549.9153976,-86.5935897827148,,,
43426395.9390863,-87.0846862792969,,,
43427241.962775,-85.396240234375,,,
43428087.9864636,-85.1647491455078,,,
43428934.0101523,-86.63037109375,,,
43429780.0338409,-83.7711334228516,,,
43430626.0575296,-84.4674835205078,,,
43431472.0812183,-85.4839324951172,,,
43432318.1049069,-85.5098495483398,,,
43433164.1285956,-84.9259185791016,,,
43434010.1522843,-86.0641326904297,,,
43434856.1759729,-85.8161926269531,,,
43435702.1996616,-86.6609954833984,,,
43436548.2233503,-86.6632766723633,,,
43437394.2470389,-84.6827239990234,,,
43438240.2707276,-85.7603607177734,,,
43439086.2944162,-87.3252105712891,,,
43439932.3181049,-87.1103668212891,,,
43440778.3417936,-86.4777297973633,,,
43441624.3654822,-86.4327545166016,,,
43442470.3891709,-86.7919616699219,,,
43443316.4128596,-86.6844024658203,,,
43444162.4365482,-87.3561019897461,,,
43445008.4602369,-85.7466583251953,,,
43445854.4839256,-85.7053146362305,,,
43446700.5076142,-85.3224334716797,,,
43447546.5313029,-85.9161376953125,,,
43448392.5549915,-86.6583938598633,,,
43449238.5786802,-87.9941101074219,,,
43450084.6023689,-88.5727310180664,,,
43450930.6260575,-87.9208755493164,,,
43451776.6497462,-85.2672882080078,,,
43452622.6734349,-86.151496887207,,,
43453468.6971235,-85.8371429443359,,,
43454314.7208122,-85.3343048095703,,,
43455160.7445008,-85.9040679931641,,,
43456006.7681895,-85.0695877075195,,,
43456852.7918782,-86.2940063476563,,,
43457698.8155668,-87.4802398681641,,,
43458544.8392555,-86.5882415771484,,,
43459390.8629442,-88.1837310791016,,,
43460236.8866328,-87.0914535522461,,,
43461082.9103215,-85.7308883666992,,,
43461928.9340102,-84.8349761962891,,,
43462774.9576988,-86.0577850341797,,,
43463620.9813875,-87.1556549072266,,,
43464467.0050761,-85.6407089233398,,,
43465313.0287648,-84.5501861572266,,,
43466159.0524535,-85.0543365478516,,,
43467005.0761421,-87.385856628418,,,
43467851.0998308,-87.8846969604492,,,
43468697.1235195,-87.2146453857422,,,
43469543.1472081,-86.1055679321289,,,
43470389.1708968,-86.134521484375,,,
43471235.1945855,-86.2953033447266,,,
43472081.2182741,-87.1394805908203,,,
43472927.2419628,-87.3454742431641,,,
43473773.2656514,-87.7234649658203,,,
43474619.2893401,-85.1009292602539,,,
43475465.3130288,-84.9972152709961,,,
43476311.3367174,-86.5026168823242,,,
43477157.3604061,-87.7256927490234,,,
43478003.3840948,-88.403564453125,,,
43478849.4077834,-87.234016418457,,,
43479695.4314721,-86.8829193115234,,,
43480541.4551607,-86.3159790039063,,,
43481387.4788494,-85.7334213256836,,,
43482233.5025381,-86.5830154418945,,,
43483079.5262267,-84.3692474365234,,,
43483925.5499154,-85.7079925537109,,,
43484771.5736041,-85.6968002319336,,,
43485617.5972927,-86.6015014648438,,,
43486463.6209814,-85.2306976318359,,,
43487309.6446701,-86.1688690185547,,,
43488155.6683587,-86.4216079711914,,,
43489001.6920474,-86.9182891845703,,,
43489847.715736,-85.9567108154297,,,
43490693.7394247,-84.3867874145508,,,
43491539.7631134,-86.2918243408203,,,
43492385.786802,-87.5446624755859,,,
43493231.8104907,-88.2285003662109,,,
43494077.8341794,-85.7179489135742,,,
43494923.857868,-85.5097808837891,,,
43495769.8815567,-86.4559936523438,,,
43496615.9052453,-85.5435180664063,,,
43497461.928934,-86.1291809082031,,,
43498307.9526227,-88.8747329711914,,,
43499153.9763113,-88.3609161376953,,,
43500000,-88.3604888916016,,,
